<?xml version="1.0" encoding="UTF-8"?>
<!DOCTYPE hibernate-configuration PUBLIC "-//Hibernate/Hibernate Configuration DTD 3.0//EN" "http://hibernate.sourceforge.net/hibernate-configuration-3.0.dtd">
<hibernate-configuration>
  <session-factory>
    <!-- connection information -->
    <property name="connection.driver_class">com.mysql.jdbc.Driver</property>
    <property name="connection.url">jdbc:mysql://au-cdbr-azure-southeast-a.cloudapp.net:3306/acsm_1b1adc7c69622e1</property>
    <property name="connection.username">b9b9c9374e7c28</property>
    <property name="connection.password">cc408242</property>
    <!-- c3p0连接池的最大连接数 -->
    <property name="hibernate.c3p0.max_size">4</property>
    <!-- c3p0连接池的最小连接数 -->
    <property name="hibernate.c3p0.min_size">1</property>
    <!-- c3p0连接池连接的超时时长 如果空闲连接的空闲超过了timeout，就会删除 -->
    <property name="hibernate.c3p0.timeout">1800</property>
    <!--SQL dialect-->
    <property name="hibernate.dialect">org.hibernate.dialect.MySQLDialect</property>
    <!--Disabled second-level cache -->
    <property name="hibernate.show_sql">true</property>
    <property name="hibernate.format_sql">true</property>
    <!--Drop and re-create the database schema on startup -->
    <property name="hbm2ddl.auto">update</property>
    <!-- Names the annotated entity class-->
    <mapping class="team.hackslash.entities.FoodCategory"/>
    <mapping class="team.hackslash.entities.DailyIntake"/>
    <mapping class="team.hackslash.entities.FoodSubCategory"/>
    <mapping class="team.hackslash.entities.Food"/>
    <mapping class="team.hackslash.entities.Supplement"/>
  </session-factory>
</hibernate-configuration>
