<?xml version="1.0" encoding="UTF-8"?>
<!DOCTYPE struts PUBLIC
        "-//Apache Software Foundation//DTD Struts Configuration 2.0//EN"
        "http://struts.apache.org/dtds/struts-2.0.dtd">
<struts>
    <package name="struts2"  extends="struts-default">
        <action name="foodcategory" class="team.hackslash.action.FoodCategoryAction">
            <result name="success">nutrition/food.jsp</result>
        </action>
     
        <action name="getSubTypeList" class="team.hackslash.action.FoodCategoryAction" method="getSubTypeList">
            
        </action>
        <!--DailyIntakeAction-->
        <action name="dailyintake" class="team.hackslash.action.DailyIntakeAction">
            <result name="success">nutrition/nutrition_main.jsp</result>
        </action>
        
        <action name="calDailyIntake" class="team.hackslash.action.DailyIntakeAction" method="calculate">
          
        </action>
        <action name="getPeriods" class="team.hackslash.action.DailyIntakeAction" method="getLifeStagePeriods">
        </action>
        
        <!--NutritionCalculatorAction -->
        <action name="nutritioncalculator" class="team.hackslash.action.NutritionCalculatorAction">
            <result name="success">nutrition/supplement.jsp</result>
        </action>
        
        <action name="getSearchConditions" class="team.hackslash.action.NutritionCalculatorAction" method="getSearchConditions">
        </action>
        <action name="searchFood" class="team.hackslash.action.NutritionCalculatorAction" method="searchFood">
        </action>
        <action name="searchSupplement" class="team.hackslash.action.NutritionCalculatorAction" method="searchSupplement">
        </action>
        <action name="loginAction" class="team.hackslash.action.LoginAction">
            <result name="success">homepage.jsp</result>
        </action>
        <action name="login" class="team.hackslash.action.LoginAction" method="login">
        </action>
        
        <action name="getRecipes" class="team.hackslash.action.RecipeAction" method="getRecipes">
        </action>
    </package> 
</struts>
