<?xml version="1.0" encoding="UTF-8"?>
<project-private xmlns="http://www.netbeans.org/ns/project-private/1">
    <editor-bookmarks xmlns="http://www.netbeans.org/ns/editor-bookmarks/2" lastBookmarkId="0"/>
    <open-files xmlns="http://www.netbeans.org/ns/projectui-open-files/2">
        <group>
            <file>file:/C:/Users/juan/Documents/NetBeansProjects/HealthService/src/java/healthman/service/PublicAPI.java</file>
            <file>file:/C:/Users/juan/Documents/NetBeansProjects/HealthService/web/WEB-INF/glassfish-resources.xml</file>
            <file>file:/C:/Users/juan/Documents/NetBeansProjects/HealthService/src/java/healthman/Record.java</file>
            <file>file:/C:/Users/juan/Documents/NetBeansProjects/HealthService/src/java/healthman/Registration.java</file>
            <file>file:/C:/Users/juan/Documents/NetBeansProjects/HealthService/src/java/healthman/service/ApplicationConfig.java</file>
            <file>file:/C:/Users/juan/Documents/NetBeansProjects/HealthService/src/java/healthman/Doctor.java</file>
            <file>file:/C:/Users/juan/Documents/NetBeansProjects/HealthService/src/java/healthman/service/RecordFacadeREST.java</file>
            <file>file:/C:/Users/juan/Documents/NetBeansProjects/HealthService/src/java/healthman/service/RegistrationFacadeREST.java</file>
            <file>file:/C:/Users/juan/Documents/NetBeansProjects/HealthService/src/java/healthman/RecordPK.java</file>
            <file>file:/C:/Users/juan/Documents/NetBeansProjects/HealthService/src/java/healthman/service/DoctorFacadeREST.java</file>
            <file>file:/C:/Users/juan/Documents/NetBeansProjects/HealthService/src/java/healthman/service/UsersFacadeREST.java</file>
            <file>file:/C:/Users/juan/Documents/NetBeansProjects/HealthService/src/java/healthman/Users.java</file>
            <file>file:/C:/Users/juan/Documents/NetBeansProjects/HealthService/src/java/healthman/Weather.java</file>
        </group>
    </open-files>
</project-private>
